Entidad,Fecha,Créditos_Consumo_Miles_de_S,Créditos_Hipotecarios_Miles_de_S,Créditos_Corporativos_Miles_de_S,Créditos_Medianas_Empresas_Miles_de_S,Créditos_Pequeñas_Empresas_Miles_de_S,Créditos_Microempresas_Miles_de_S,Créditos_Vigentes_Miles_de_S,Créditos_Vencidos_Miles_de_S,Ratio_de_Capital_Global_pct,Morosidad_pct,ROE_pct,ROA_pct
Banca Múltiple,2001-01-31,4002271,3267395,,,,1264951,30892957,1813619,12.38,10.54,3.23,0.33
Banca Múltiple,2001-02-28,3966153,3248943,,,,1314726,31104882,1722727,12.6,10.33,3.36,0.35
Banca Múltiple,2001-03-31,3933768,3254261,,,,1024046,31502277,1737392,12.45,10.31,3.28,0.33
Banca Múltiple,2001-04-30,3836397,3336670,,,,1127244,31975014,1903843,12.24,10.48,3.22,0.31
Banca Múltiple,2001-05-31,3766399,3369240,,,,1152464,32434111,1858986,12.09,10.22,3.5,0.34
Banca Múltiple,2001-06-30,3683100,3279842,,,,1112237,31505450,1662910,12.27,9.88,3.41,0.34
Banca Múltiple,2001-07-31,3464979,3273916,,,,968948,30731209,1630515,12.41,9.99,3.78,0.37
Banca Múltiple,2001-08-31,3442988,3280454,,,,957799,30620885,1657072,12.63,10.04,4.28,0.43
Banca Múltiple,2001-09-30,3417119,3292246,,,,903362,30275466,1532081,13.08,9.9,4.47,0.43
Banca Múltiple,2001-10-31,3357276,3258054,,,,882850,29962332,1435286,13.5,9.62,4.8,0.47
Banca Múltiple,2001-11-30,3377319,3276296,,,,918425,29621126,1485164,13.35,9.74,4.77,0.47
Banca Múltiple,2001-12-31,3199447,3576242,,,,930187,30409275,1344261,12.76,9.01,4.46,0.43
Banca Múltiple,2002-01-31,3202381,3600718,,,,915212,29995792,1382605,13.04,9.38,5.13,0.51
Banca Múltiple,2002-02-28,3173963,3596877,,,,918298,30533439,1365604,12.74,9.05,5.89,0.58
Banca Múltiple,2002-03-31,3156830,3583125,,,,926961,30246492,1319265,13.2,9.0,6.14,0.61
Banca Múltiple,2002-04-30,3043674,3652473,,,,960374,30406496,1346621,13.34,8.82,6.59,0.67
Banca Múltiple,2002-05-31,3087896,3733277,,,,993566,31013395,1359673,13.07,8.6,6.57,0.66
Banca Múltiple,2002-06-30,3158558,3802599,,,,1013297,31760419,1225613,12.8,8.02,6.94,0.7
Banca Múltiple,2002-07-31,3193346,3866955,,,,955871,31893672,1379475,12.86,8.35,6.96,0.68
Banca Múltiple,2002-08-31,3261668,3963753,,,,777525,32116103,1402243,12.65,8.31,7.16,0.7
Banca Múltiple,2002-09-30,3333633,4018856,,,,765162,32394854,1386467,13.08,8.09,7.28,0.72
Banca Múltiple,2002-10-31,3395639,4031616,,,,815318,32206768,1386579,13.86,8.15,6.98,0.7
Banca Múltiple,2002-11-30,3443869,3980482,,,,902845,31945469,1492706,13.83,8.35,6.66,0.67
Banca Múltiple,2002-12-31,3566951,4040787,,,,866154,32379638,1391788,12.52,7.58,8.43,0.83
Banca Múltiple,2003-01-31,3561536,4007834,,,,866919,31136751,1489337,12.99,7.95,8.1,0.81
Banca Múltiple,2003-02-28,3608198,4033668,,,,894076,31396644,1506821,13.0,7.9,7.64,0.77
Banca Múltiple,2003-03-31,3634615,4072603,,,,918654,31364659,1476399,13.25,7.71,7.35,0.71
Banca Múltiple,2003-04-30,3653694,4150754,,,,918396,31809578,1553010,13.03,7.82,7.55,0.74
Banca Múltiple,2003-05-31,3739027,4224707,,,,940169,31930197,1530772,12.95,7.72,8.14,0.81
Banca Múltiple,2003-06-30,3768353,4277516,,,,957520,31803228,1509501,13.07,7.73,8.46,0.85
Banca Múltiple,2003-07-31,3790346,4324640,,,,966265,31748988,1594240,12.8,7.96,8.74,0.89
Banca Múltiple,2003-08-31,3850275,4398778,,,,982626,31668811,1523290,12.52,7.66,8.67,0.89
Banca Múltiple,2003-09-30,3894213,4441381,,,,992208,31376674,1459967,13.43,7.58,9.02,0.94
Banca Múltiple,2003-10-31,3973539,4475853,,,,1010824,31346872,1369699,13.8,7.18,9.52,1.0
Banca Múltiple,2003-11-30,4061274,4558611,,,,1063329,31909518,1309127,13.48,6.81,10.23,1.07
Banca Múltiple,2003-12-31,4144218,4577048,,,,1030661,31284167,1088275,13.28,5.8,10.85,1.11
Banca Múltiple,2004-01-31,4185787,4667991,,,,1006877,31003491,1141948,13.38,5.98,11.08,1.13
Banca Múltiple,2004-02-29,4216546,4693156,,,,1006734,30564239,1064612,13.77,5.79,11.15,1.17
Banca Múltiple,2004-03-31,4322285,4725367,,,,1241807,31135930,1084109,14.19,5.75,12.35,1.23
Banca Múltiple,2004-04-30,4358305,4815256,,,,1259125,31855927,1092043,14.13,5.69,12.21,1.22
Banca Múltiple,2004-05-31,4436880,4880531,,,,1281273,32520624,1062760,13.92,5.5,11.51,1.16
Banca Múltiple,2004-06-30,4503693,4937747,,,,1304748,32832691,896196,14.06,5.1,11.3,1.14
Banca Múltiple,2004-07-31,4495291,4928366,,,,1314408,32727518,921318,14.06,5.06,10.93,1.11
Banca Múltiple,2004-08-31,4533826,4916972,,,,1316515,32122517,867530,14.22,4.93,10.74,1.12
Banca Múltiple,2004-09-30,4569091,4984396,,,,1344292,31786083,815710,14.06,4.59,10.7,1.11
Banca Múltiple,2004-10-31,4652812,5039725,,,,1396809,31960829,798490,14.01,4.47,10.81,1.14
Banca Múltiple,2004-11-30,4745277,5094853,,,,1497143,32209872,707911,14.09,4.14,10.66,1.13
Banca Múltiple,2004-12-31,4856009,5128398,,,,1538526,32697051,603442,13.99,3.71,11.26,1.18
Banca Múltiple,2005-01-31,4890647,5148559,,,,1518651,32457271,634480,13.88,3.78,11.29,1.16
Banca Múltiple,2005-02-28,4978695,5210370,,,,1560876,32489690,642713,13.98,3.76,11.87,1.22
Banca Múltiple,2005-03-31,5050874,5288737,,,,1601980,32980061,631801,13.96,3.59,12.42,1.27
Banca Múltiple,2005-04-30,5142685,5362055,,,,1648909,34081836,627503,13.71,3.44,13.07,1.34
Banca Múltiple,2005-05-31,5290057,5429031,,,,1697024,35029927,622591,13.45,3.3,13.85,1.41
Banca Múltiple,2005-06-30,5418943,5509043,,,,1743076,35845859,576165,13.46,3.0,14.57,1.48
Banca Múltiple,2005-07-31,5437098,5628597,,,,1794428,36419476,568019,13.21,2.93,15.83,1.61
Banca Múltiple,2005-08-31,5616481,5767988,,,,1830005,36488379,582875,13.18,2.9,18.52,1.87
Banca Múltiple,2005-09-30,5774559,5993702,,,,1907789,36906476,578591,13.12,2.68,19.48,1.96
Banca Múltiple,2005-10-31,5933116,6166187,,,,2003358,37915584,577526,12.97,2.59,20.21,2.02
Banca Múltiple,2005-11-30,6103592,6333345,,,,2140358,39582698,586903,12.46,2.51,21.32,2.12
Banca Múltiple,2005-12-31,6277761,6471139,,,,2173125,40938068,486793,11.98,2.14,22.16,2.18
Banca Múltiple,2006-01-31,6328141,6353520,,,,2135528,39465384,528525,12.3,2.26,22.31,2.18
Banca Múltiple,2006-02-28,6447865,6408057,,,,2195720,39961792,537047,12.2,2.29,22.59,2.19
Banca Múltiple,2006-03-31,6624422,6602792,,,,2260987,41957699,499756,12.85,2.1,23.71,2.26
Banca Múltiple,2006-04-30,6696515,6576863,,,,2285895,42349447,523145,12.61,2.1,23.92,2.25
Banca Múltiple,2006-05-31,6896369,6631156,,,,2324653,43362179,542018,12.4,2.08,24.34,2.27
Banca Múltiple,2006-06-30,7056079,6662725,,,,2350114,44228495,547096,12.65,2.0,24.6,2.28
Banca Múltiple,2006-07-31,7148033,6677021,,,,2384659,44334983,581192,12.46,2.03,24.6,2.26
Banca Múltiple,2006-08-31,7354455,6764731,,,,2391798,44342248,551321,12.41,1.93,23.23,2.13
Banca Múltiple,2006-09-30,7592522,6830064,,,,2417215,45318415,530047,12.27,1.86,23.54,2.15
Banca Múltiple,2006-10-31,7816837,6874828,,,,2484830,45526730,559875,12.25,1.87,23.61,2.15
Banca Múltiple,2006-11-30,8043873,7009360,,,,2623229,47081272,551554,12.49,1.81,23.95,2.18
Banca Múltiple,2006-12-31,8284070,7064778,,,,2672359,48287821,495305,12.49,1.63,23.86,2.18
Banca Múltiple,2007-01-31,8486399,7148413,,,,2682965,48494357,529352,12.28,1.67,25.34,2.32
Banca Múltiple,2007-02-28,8678783,7242973,,,,2759457,49149444,537912,12.14,1.66,25.68,2.35
Banca Múltiple,2007-03-31,8914380,7361007,,,,2837926,50427545,545484,12.52,1.63,25.79,2.37
Banca Múltiple,2007-04-30,9139269,7481833,,,,2915290,51731429,606034,12.13,1.7,26.64,2.46
Banca Múltiple,2007-05-31,9508107,7635408,,,,3000811,54400450,599233,12.06,1.62,27.25,2.51
Banca Múltiple,2007-06-30,10579771,7803660,,,,3084670,57339197,611182,11.91,1.56,27.85,2.6
Banca Múltiple,2007-07-31,10797891,7932281,,,,3173100,58993294,633940,11.83,1.56,28.9,2.68
Banca Múltiple,2007-08-31,11127924,8095139,,,,3223350,59653007,662676,11.92,1.58,28.95,2.67
Banca Múltiple,2007-09-30,11324219,8079390,,,,3325009,60311885,636268,11.92,1.51,28.49,2.61
Banca Múltiple,2007-10-31,11564323,8042464,,,,3447836,60708835,630704,12.41,1.48,28.22,2.56
Banca Múltiple,2007-11-30,11889859,8200529,,,,3639706,62971428,600448,12.13,1.38,28.01,2.52
Banca Múltiple,2007-12-31,12203914,8215345,,,,3702134,65047723,568546,11.71,1.26,27.86,2.49
Banca Múltiple,2008-01-31,13257852,8205687,,,,3735818,66080682,670604,11.68,1.4,27.68,2.47
Banca Múltiple,2008-02-29,13500124,8247858,,,,3838818,66780505,664209,12.09,1.38,28.22,2.5
Banca Múltiple,2008-03-31,13680512,8057307,,,,3918468,65539865,633198,12.86,1.36,28.25,2.49
Banca Múltiple,2008-04-30,14190304,8471000,,,,4064822,69065543,633780,12.21,1.31,29.57,2.57
Banca Múltiple,2008-05-31,14675715,8618259,,,,4202176,71069925,658805,12.13,1.31,29.72,2.56
Banca Múltiple,2008-06-30,15220257,9079551,,,,4408142,74679255,642367,12.21,1.21,30.35,2.59
Banca Múltiple,2008-07-31,15303330,8933665,,,,4533046,74924969,663357,12.38,1.22,28.64,2.44
Banca Múltiple,2008-08-31,15885855,9453041,,,,4731103,78243375,695003,11.96,1.21,29.34,2.49
Banca Múltiple,2008-09-30,16320848,9687468,,,,4902311,80322609,703729,11.94,1.19,29.76,2.51
Banca Múltiple,2008-10-31,16843728,10151742,,,,5161751,85316187,734409,11.77,1.19,30.74,2.56
Banca Múltiple,2008-11-30,17214133,10296757,,,,5418165,88126799,819432,11.86,1.26,30.6,2.53
Banca Múltiple,2008-12-31,16437786,11609176,,,,5538961,89881828,827078,11.85,1.27,31.06,2.56
Banca Múltiple,2009-01-31,16073617,11696192,,,,4922068,89269689,868241,11.93,1.34,31.53,2.59
Banca Múltiple,2009-02-28,16314918,11980191,,,,5074925,90404283,956090,12.21,1.43,31.99,2.63
Banca Múltiple,2009-03-31,16265003,11870837,,,,5133731,88969955,958473,12.65,1.41,30.5,2.5
Banca Múltiple,2009-04-30,15504694,11535921,,,,5091951,86139089,1000536,12.86,1.52,28.45,2.35
Banca Múltiple,2009-05-31,15625881,11657563,,,,5144007,87022375,1048629,12.64,1.58,27.82,2.32
Banca Múltiple,2009-06-30,15836723,11821570,,,,5190812,87529084,1096794,13.2,1.62,27.21,2.3
Banca Múltiple,2009-07-31,15785592,11903837,,,,5239003,88103788,1105013,13.61,1.64,27.5,2.34
Banca Múltiple,2009-08-31,15908465,11967014,,,,5288611,87286894,1121190,13.62,1.69,26.3,2.27
Banca Múltiple,2009-09-30,15998825,12003293,,,,5371774,85898823,1047471,13.67,1.58,25.76,2.26
Banca Múltiple,2009-10-31,16213152,12250736,,,,5518540,86875546,1071311,13.27,1.63,25.24,2.26
Banca Múltiple,2009-11-30,16339865,12424018,,,,5642933,88374211,1068466,13.73,1.62,24.71,2.25
Banca Múltiple,2009-12-31,16429554,12593128,,,,5653639,89897508,1034923,13.47,1.56,24.53,2.27
Banca Múltiple,2010-01-31,16392016,12667820,,,,5631793,89473556,1100115,13.47,1.66,23.85,2.24
Banca Múltiple,2010-02-28,16465428,12762705,,,,5740678,90464963,1107453,13.44,1.67,22.72,2.17
Banca Múltiple,2010-03-31,16544752,13007658,,,,5850725,91305887,1131538,14.15,1.73,23.43,2.26
Banca Múltiple,2010-04-30,16715390,13280709,,,,5970771,93122420,1132738,14.29,1.72,24.25,2.36
Banca Múltiple,2010-05-31,17025668,13533320,,,,6024602,95196621,1169429,14.17,1.76,24.08,2.36
Banca Múltiple,2010-06-30,17256311,13781561,,,,6147090,96686653,1100442,13.94,1.66,23.71,2.34
Banca Múltiple,2010-07-31,17201932,14005463,22846852.0,16626259.0,7591174.0,3144066,98421052,1179094,13.84,1.81,23.93,2.36
Banca Múltiple,2010-08-31,17432624,14237214,21402507.0,16705541.0,7686276.0,3052060,98416148,1127300,13.97,1.75,24.48,2.41
Banca Múltiple,2010-09-30,17604664,14483532,21697930.0,18470096.0,8141403.0,2833267,100072859,1050290,13.86,1.64,24.91,2.45
Banca Múltiple,2010-10-31,17887927,14848303,22853624.0,18597582.0,8477680.0,2499838,102381054,1076208,14.01,1.63,24.44,2.4
Banca Múltiple,2010-11-30,18342434,15278047,23491241.0,19732310.0,8659539.0,2580717,105438498,1070948,13.67,1.59,24.53,2.4
Banca Múltiple,2010-12-31,18668052,15476445,23273639.0,20005505.0,8740435.0,2519373,106894084,992984,13.63,1.49,24.21,2.35
Banca Múltiple,2011-01-31,18777026,15640486,23126494.0,20107867.0,8751821.0,2376097,106650495,1038630,13.51,1.55,24.3,2.35
Banca Múltiple,2011-02-28,19087660,15962020,21968632.0,20522477.0,8814826.0,2369148,107920871,1015866,13.52,1.53,24.29,2.35
Banca Múltiple,2011-03-31,19403969,16510050,22031729.0,20730949.0,9117549.0,2411906,110739986,1029481,14.15,1.51,24.69,2.37
Banca Múltiple,2011-04-30,19693427,16921123,24576417.0,21365982.0,9220547.0,2468530,114222026,1071237,13.75,1.51,24.04,2.29
Banca Múltiple,2011-05-31,20185994,17126148,25558452.0,21380643.0,9430198.0,2400788,116624910,1106322,13.55,1.51,24.03,2.27
Banca Múltiple,2011-06-30,20628110,17400278,25008296.0,21552190.0,9587671.0,2460315,117323797,1107165,13.78,1.51,24.14,2.27
Banca Múltiple,2011-07-31,20550173,17601804,24788112.0,22360197.0,9791277.0,2435709,118187914,1148205,13.24,1.54,24.27,2.28
Banca Múltiple,2011-08-31,21121310,17879525,25980843.0,21948536.0,10012600.0,2430186,118751303,1172211,13.42,1.57,24.26,2.28
Banca Múltiple,2011-09-30,21512697,18406804,25708536.0,22593906.0,10345074.0,2514085,120596747,1144555,13.82,1.54,24.22,2.27
Banca Múltiple,2011-10-31,21772899,18526001,25511723.0,22992552.0,10583060.0,2457286,120605350,1189996,13.74,1.57,24.33,2.28
Banca Múltiple,2011-11-30,22266537,18917631,25510134.0,23094915.0,10920890.0,2545922,122296808,1164767,13.53,1.52,24.44,2.3
Banca Múltiple,2011-12-31,22695453,19249934,26492383.0,23904819.0,11059538.0,2547571,125206277,1155370,13.38,1.47,24.54,2.32
Banca Múltiple,2012-01-31,22860852,19540012,27126826.0,24052063.0,11007731.0,2540911,125929379,1219821,13.31,1.54,24.48,2.32
Banca Múltiple,2012-02-29,23185187,19788372,25956219.0,24319706.0,11124046.0,2521982,125371531,1231275,13.52,1.6,24.59,2.34
Banca Múltiple,2012-03-31,23449315,20220383,25659438.0,24731316.0,11409981.0,2630154,127011536,1278193,14.4,1.62,24.3,2.32
Banca Múltiple,2012-04-30,23683294,20469825,25153352.0,24493683.0,11596908.0,2738119,127542367,1385702,14.84,1.71,24.33,2.34
Banca Múltiple,2012-05-31,24349269,21168800,24451801.0,25540310.0,11897415.0,2760182,131163420,1457389,14.47,1.72,24.3,2.34
Banca Múltiple,2012-06-30,24741609,21439299,25788961.0,25673043.0,12077466.0,2893429,133010228,1459988,14.7,1.73,23.85,2.31
Banca Múltiple,2012-07-31,24789533,21706906,26372182.0,25087887.0,12180988.0,2659337,133698864,1455536,13.96,1.72,23.7,2.3
Banca Múltiple,2012-08-31,25198845,22095861,26745939.0,25568514.0,12356428.0,2595415,134841981,1477805,13.83,1.75,23.43,2.28
Banca Múltiple,2012-09-30,25449047,22516092,26641913.0,26383735.0,12535287.0,2513048,136214761,1454104,13.65,1.72,22.98,2.24
Banca Múltiple,2012-10-31,25763369,22809669,25906023.0,26625619.0,12699821.0,2535615,136688907,1516422,13.44,1.79,22.83,2.23
Banca Múltiple,2012-11-30,26105956,23307957,25672615.0,27299724.0,12958463.0,2594342,138684874,1531089,13.57,1.79,22.53,2.2
Banca Múltiple,2012-12-31,26354785,23604705,26094469.0,27366370.0,12999248.0,2559500,140198932,1508863,14.13,1.75,22.4,2.18
Banca Múltiple,2013-01-31,26460862,24040205,24932582.0,27033636.0,12812413.0,2504739,137896763,1590120,14.11,1.88,22.39,2.17
Banca Múltiple,2013-02-28,26615015,24288311,25254441.0,27380993.0,12864150.0,2425184,139150645,1638867,13.99,1.91,21.93,2.12
Banca Múltiple,2013-03-31,26574777,24679532,25434996.0,28102212.0,12972447.0,2428164,140810019,1758266,14.53,2.0,21.82,2.11
Banca Múltiple,2013-04-30,26861993,25348978,25341191.0,28624700.0,13113546.0,2355644,142985628,1831021,14.59,2.06,21.82,2.1
Banca Múltiple,2013-05-31,27349722,26138249,25678148.0,29357144.0,13333767.0,2247416,146255342,1918642,14.47,2.1,21.8,2.1
Banca Múltiple,2013-06-30,27743563,26725292,26952676.0,29685789.0,13434456.0,2197747,150561927,1931454,14.51,2.06,21.52,2.06
Banca Múltiple,2013-07-31,27757818,27035925,29154579.0,29350990.0,13466636.0,2157258,153157288,1998227,14.18,2.11,21.42,2.04
Banca Múltiple,2013-08-31,28059964,27441200,30692817.0,29953357.0,13574031.0,2149267,156388323,2036086,13.97,2.11,21.2,2.01
Banca Múltiple,2013-09-30,28315286,27674474,31371550.0,30288581.0,13621171.0,2043199,157363308,2079984,13.74,2.12,21.43,2.02
Banca Múltiple,2013-10-31,28684789,27901513,32235659.0,30822847.0,13674064.0,1978824,158998634,2172321,13.68,2.17,21.41,2.02
Banca Múltiple,2013-11-30,29116626,28444879,33809194.0,31612192.0,13898714.0,2049921,163190805,2219125,13.66,2.18,21.3,2.01
Banca Múltiple,2013-12-31,29583491,28588984,34028878.0,32253987.0,13297650.0,1873384,164371468,2234668,13.69,2.14,21.22,2.0
Banca Múltiple,2014-01-31,29713807,28959251,35117438.0,32972225.0,13044599.0,1875565,165934607,2421087,13.85,2.28,21.07,1.98
Banca Múltiple,2014-02-28,29929899,29204699,34149913.0,33080373.0,12877723.0,1770154,166819475,2419251,13.83,2.3,20.78,1.95
Banca Múltiple,2014-03-31,30091832,29598977,33477922.0,35288939.0,12880144.0,1750290,168923029,2511231,14.37,2.34,20.59,1.94
Banca Múltiple,2014-04-30,30312049,29809831,35289481.0,34615668.0,12809583.0,1800504,170936866,2606586,14.45,2.37,20.13,1.9
Banca Múltiple,2014-05-31,30775084,29985816,34617000.0,34963061.0,12825267.0,1717796,171375206,2673905,14.41,2.45,19.79,1.88
Banca Múltiple,2014-06-30,31184743,30506325,34676742.0,36191582.0,12874684.0,1691215,174860589,2632845,14.25,2.36,19.96,1.91
Banca Múltiple,2014-07-31,31091693,30629017,36092486.0,35589308.0,12810650.0,1682837,175925918,2691670,13.96,2.44,20.04,1.93
Banca Múltiple,2014-08-31,31399220,31087783,35814883.0,36078339.0,12894401.0,1699992,177499586,2724558,13.92,2.46,20.06,1.94
Banca Múltiple,2014-09-30,31806189,31635637,36523889.0,36078284.0,12872516.0,1647004,179374683,2611946,14.58,2.41,19.92,1.94
Banca Múltiple,2014-10-31,32295404,32061155,36659607.0,36214484.0,12780207.0,1528874,181399626,2603754,14.55,2.47,20.07,1.96
Banca Múltiple,2014-11-30,32806516,32446181,36766829.0,36782947.0,12781060.0,1567158,183010472,2627398,14.42,2.46,19.95,1.96
Banca Múltiple,2014-12-31,33179163,32867492,37666566.0,38191169.0,12568747.0,1490352,186380279,2693386,14.12,2.47,19.69,1.94
Banca Múltiple,2015-01-31,33456199,33269845,42866174.0,35660807.0,12385466.0,1455105,188624728,2855547,13.96,2.58,20.56,2.03
Banca Múltiple,2015-02-28,33888331,33650273,43192587.0,36103760.0,12196621.0,1388949,189701464,2791482,14.03,2.58,20.75,2.05
Banca Múltiple,2015-03-31,34777894,34013397,44195733.0,36902654.0,13614308.0,2899792,195902549,2850947,14.45,2.54,20.91,2.07
Banca Múltiple,2015-04-30,35377478,34325678,46649679.0,36976302.0,13592511.0,2887278,199442919,2979973,14.4,2.6,21.15,2.09
Banca Múltiple,2015-05-31,36182107,34672350,47588750.0,37319046.0,13654763.0,2886572,202030952,3078449,14.38,2.67,21.9,2.17
Banca Múltiple,2015-06-30,36751112,34908288,47851503.0,37342528.0,13675917.0,2909783,203297533,3118522,14.28,2.69,21.95,2.17
Banca Múltiple,2015-07-31,36669168,35036915,49279942.0,36740120.0,13681951.0,2971656,204983811,3250206,14.5,2.73,21.76,2.15
Banca Múltiple,2015-08-31,37257902,35494168,50978783.0,38035037.0,13767559.0,3011132,209284102,3225692,14.28,2.7,22.1,2.17
Banca Múltiple,2015-09-30,37663788,35796790,52159347.0,38370159.0,13812306.0,3043368,212071163,3010170,14.17,2.58,21.96,2.15
Banca Múltiple,2015-10-31,38184068,36154861,52022085.0,38571108.0,13922079.0,3084647,213593690,3133009,14.27,2.65,21.91,2.14
Banca Múltiple,2015-11-30,38810829,36680918,53533092.0,39346554.0,14046819.0,3128729,217797812,3203031,14.08,2.62,22.28,2.17
Banca Múltiple,2015-12-31,39138405,37032043,53455055.0,40257549.0,13985004.0,3165738,218437462,3037245,14.17,2.54,22.13,2.14
Banca Múltiple,2016-01-31,39191289,37298900,55362050.0,40319179.0,13808543.0,3065242,220046935,3225315,14.02,2.64,21.35,2.06
Banca Múltiple,2016-02-29,39498548,37621887,55918969.0,40718897.0,13750907.0,2963619,221090727,3256936,14.01,2.71,21.4,2.06
Banca Múltiple,2016-03-31,39502669,37321016,56005337.0,39962836.0,13595601.0,2999722,218907908,3246676,14.74,2.7,21.12,2.03
Banca Múltiple,2016-04-30,39685600,37334101,55494645.0,39957381.0,13557537.0,2982603,219261280,3331432,14.77,2.77,20.96,2.02
Banca Múltiple,2016-05-31,40218990,37872825,54817740.0,40018665.0,13572562.0,2991879,220152981,3482694,14.97,2.86,20.62,1.99
Banca Múltiple,2016-06-30,40578675,37971562,54750178.0,39585956.0,13611758.0,3128912,219509999,3498804,15.02,2.87,20.34,1.97
Banca Múltiple,2016-07-31,40494390,38260634,56185913.0,40173493.0,13698496.0,3015881,222729393,3483833,15.09,2.85,20.16,1.96
Banca Múltiple,2016-08-31,40890426,38543681,57184324.0,39842267.0,13763289.0,3004520,223325299,3663054,15.24,2.91,19.74,1.93
Banca Múltiple,2016-09-30,41142186,38621529,57259712.0,40406950.0,13947846.0,3100012,224073717,3464561,15.17,2.86,19.86,1.96
Banca Múltiple,2016-10-31,41425137,38332072,57227549.0,39928315.0,14006997.0,3166382,222809623,3655441,15.18,2.95,19.79,1.97
Banca Múltiple,2016-11-30,41951819,38476932,57951665.0,40456222.0,14164552.0,3229835,225337737,3667084,15.15,2.96,19.72,1.99
Banca Múltiple,2016-12-31,41971606,38500710,57963226.0,40750419.0,14143422.0,3197294,225901553,3475402,15.01,2.8,19.86,2.02
Banca Múltiple,2017-01-31,41836991,38398885,58119743.0,39287131.0,13936844.0,3187866,222932889,3612834,15.15,2.96,19.75,2.04
Banca Múltiple,2017-02-28,41981031,38527349,58650034.0,39244401.0,13866965.0,3186895,222836438,3558679,15.16,2.98,19.32,2.02
Banca Múltiple,2017-03-31,41978419,38820393,57361240.0,39160623.0,13901146.0,3131950,223034085,3558034,15.78,3.01,19.32,2.04
Banca Múltiple,2017-04-30,42039039,38918127,58382084.0,38809214.0,13896081.0,3065065,223565615,3634296,15.9,3.06,19.19,2.04
Banca Múltiple,2017-05-31,42468573,39242196,57523061.0,39679395.0,14019324.0,3049939,224286801,3647653,15.86,3.15,18.95,2.03
Banca Múltiple,2017-06-30,42655315,39515479,55859586.0,40092466.0,14010690.0,3103492,223458599,3446638,15.76,3.09,18.96,2.05
Banca Múltiple,2017-07-31,42424757,39547269,58848579.0,39644973.0,14005039.0,3060962,225357037,3528578,15.94,3.12,19.02,2.08
Banca Múltiple,2017-08-31,42713501,39805394,59084377.0,39234805.0,14162977.0,3167501,225848471,3487876,15.95,3.11,19.04,2.1
Banca Múltiple,2017-09-30,42937343,40273983,59223346.0,40052206.0,14265075.0,3430402,228026480,3478809,15.81,3.08,18.77,2.09
Banca Múltiple,2017-10-31,43236742,40773588,60299775.0,40036082.0,14484536.0,3294582,229445963,3612489,15.58,3.14,18.53,2.07
Banca Múltiple,2017-11-30,43811361,41084993,61734759.0,40196304.0,14707510.0,3389089,232570464,3612187,15.33,3.12,18.41,2.07
Banca Múltiple,2017-12-31,44141656,41284522,62249899.0,40144513.0,14742034.0,3449982,234767433,3516805,15.18,3.04,18.32,2.08
Banca Múltiple,2018-01-31,44236279,41341624,62651757.0,39235382.0,14594973.0,3411122,233591155,3627515,15.23,3.12,18.42,2.1
Banca Múltiple,2018-02-28,44676938,41796227,63178223.0,39312182.0,14529477.0,3440665,235109351,3826129,15.11,3.24,18.44,2.11
Banca Múltiple,2018-03-31,44894156,41978692,63743193.0,39597927.0,14426776.0,3525620,237367692,3634436,15.78,3.07,18.61,2.14
Banca Múltiple,2018-04-30,45405877,42275359,64528543.0,39840079.0,14511515.0,3457803,240470265,3761460,15.57,3.11,18.7,2.17
Banca Múltiple,2018-05-31,46153644,42759262,65493958.0,40210305.0,14656875.0,3464858,243514784,3808816,15.41,3.14,18.75,2.18
Banca Múltiple,2018-06-30,46539933,43143681,65542400.0,41077625.0,14688823.0,3456990,244784266,3790832,15.07,3.1,18.7,2.19
Banca Múltiple,2018-07-31,46705966,43288824,66411471.0,40388702.0,14697293.0,3439515,245417373,3856476,15.14,3.18,18.6,2.19
Banca Múltiple,2018-08-31,47456168,43636796,66996290.0,40205451.0,14826908.0,3464775,246509352,3813815,15.09,3.23,18.56,2.19
Banca Múltiple,2018-09-30,47793700,44080283,68083564.0,41244803.0,14961795.0,3430979,249529830,3432012,14.97,3.07,18.54,2.2
Banca Múltiple,2018-10-31,48509646,44547975,69460742.0,41669259.0,15074425.0,3437020,252912149,3492591,14.77,3.1,18.53,2.21
Banca Múltiple,2018-11-30,49321296,45047305,68773032.0,41989385.0,15209073.0,3640435,254892638,3440570,14.66,3.07,18.52,2.22
Banca Múltiple,2018-12-31,49688664,45282124,70935575.0,42423701.0,15155027.0,3527056,258640694,3419546,14.66,2.95,18.41,2.21
Banca Múltiple,2019-01-31,49984885,45354347,69066441.0,41789285.0,15003354.0,3503633,255282856,3544159,14.6,3.04,18.25,2.2
Banca Múltiple,2019-02-28,50564151,45533492,67112101.0,41275065.0,14915742.0,3519818,253575375,3565379,14.71,3.05,18.26,2.21
Banca Múltiple,2019-03-31,50312799,45997095,69893935.0,41731211.0,15086878.0,3540193,257440843,3608475,15.25,2.99,18.2,2.21
Banca Múltiple,2019-04-30,50897218,46202073,69085678.0,42527014.0,15052591.0,3523013,258510902,3745463,15.15,3.05,18.28,2.22
Banca Múltiple,2019-05-31,51662746,46762874,70330113.0,42469197.0,15148797.0,3519256,261750388,3911851,14.96,3.11,18.22,2.22
Banca Múltiple,2019-06-30,52289054,47097587,70080712.0,41809544.0,15161833.0,3486737,261521503,3845160,14.82,3.08,18.39,2.24
Banca Múltiple,2019-07-31,52698602,47268229,70160690.0,41257633.0,15274135.0,3479809,262751242,4018629,14.66,3.13,18.82,2.29
Banca Múltiple,2019-08-31,53523766,47832282,71098832.0,41523200.0,15436416.0,3517962,266822173,4042742,14.75,3.13,18.93,2.31
Banca Múltiple,2019-09-30,54211829,48291035,70569498.0,41766985.0,15571062.0,3518774,267519068,4022658,14.91,3.1,18.89,2.3
Banca Múltiple,2019-10-31,54913747,48605583,71779929.0,41894066.0,15793033.0,3533546,270485591,4084102,14.92,3.08,18.81,2.29
Banca Múltiple,2019-11-30,55785507,49129291,72985783.0,42391913.0,16075892.0,3643713,274120886,4078814,14.54,3.05,18.73,2.29
Banca Múltiple,2019-12-31,56111485,49243598,72030574.0,42409780.0,16153929.0,3681046,273336135,4145609,14.57,3.02,18.34,2.25
Banca Múltiple,2020-01-31,56614117,49688753,71161142.0,42576773.0,16132744.0,3693167,273624034,4256357,14.27,3.09,18.29,2.24
Banca Múltiple,2020-02-29,57367922,50269988,71959407.0,43085040.0,16116452.0,3733250,276699672,4132815,14.18,3.09,18.31,2.25
Banca Múltiple,2020-03-31,56548806,49988730,78382427.0,42753947.0,15856820.0,3571343,281903384,4392739,14.32,3.15,17.17,2.12
Banca Múltiple,2020-04-30,55082183,49722948,81471182.0,42602036.0,15813829.0,3372984,282362220,5161165,14.63,3.38,15.76,1.94
Banca Múltiple,2020-05-31,54550570,49801262,82370939.0,49890813.0,19248486.0,3603792,303878676,4894173,14.77,3.08,14.36,1.76
Banca Múltiple,2020-06-30,53705077,49855501,80716244.0,52741885.0,20804347.0,3532505,306259977,5189186,14.8,3.15,12.93,1.56
Banca Múltiple,2020-07-31,52728014,49680058,79478408.0,56042004.0,22478401.0,4189011,309880541,4823222,15.43,3.02,11.2,1.34
Banca Múltiple,2020-08-31,52302443,49813666,76658319.0,58206582.0,24361991.0,4955153,312020616,5146500,15.54,3.1,9.72,1.14
Banca Múltiple,2020-09-30,52073319,50288414,72535348.0,60240668.0,26143029.0,5264261,310630222,5697138,15.66,3.29,8.31,0.97
Banca Múltiple,2020-10-31,52288766,50701285,72234924.0,60882148.0,26836437.0,5687530,310653554,6424995,15.54,3.52,6.84,0.78
Banca Múltiple,2020-11-30,52491663,51128207,70429229.0,65069628.0,23807902.0,5533758,309462020,6999872,15.54,3.7,5.39,0.61
Banca Múltiple,2020-12-31,52346007,51487750,68748204.0,66514910.0,22795056.0,5349635,308022241,7224493,15.52,3.8,3.96,0.44
Banca Múltiple,2021-01-31,51488109,51917096,69361708.0,66310065.0,22113307.0,4798841,306316586,7126935,15.38,3.84,3.09,0.34
Banca Múltiple,2021-02-28,50738180,52421863,67966311.0,66303823.0,22294590.0,4513894,304814392,6924144,15.57,3.84,2.25,0.24
Banca Múltiple,2021-03-31,50692605,53046527,68524024.0,68793771.0,21091173.0,4118385,307315093,6529372,16.24,3.75,2.39,0.25
Banca Múltiple,2021-04-30,51077269,53520568,70636847.0,70310236.0,20924112.0,3994696,311111108,5982194,15.75,3.63,3.07,0.32
Banca Múltiple,2021-05-31,51198015,53805651,75467624.0,71128463.0,20862188.0,3911582,317945854,6017274,15.53,3.57,3.87,0.4
Banca Múltiple,2021-06-30,51372237,54218522,78617498.0,70160046.0,20914451.0,3904583,321061274,6092107,15.44,3.6,4.77,0.49
Banca Múltiple,2021-07-31,51451648,54567039,82048712.0,70659816.0,20937816.0,3966275,327089651,6406996,15.18,3.66,5.92,0.61
Banca Múltiple,2021-08-31,51788799,54771949,81701160.0,70464312.0,21053649.0,4056545,327009156,6400302,15.23,3.7,7.06,0.72
Banca Múltiple,2021-09-30,52218517,55225700,80214899.0,70487703.0,21218489.0,4146446,326365855,6399545,15.17,3.73,8.34,0.86
Banca Múltiple,2021-10-31,53135032,55274201,79888251.0,69505256.0,21344948.0,4272623,324538626,6689688,15.14,3.84,10.01,1.03
Banca Múltiple,2021-11-30,54663383,55808164,81192321.0,69512789.0,21374587.0,4400508,328026245,6738154,14.99,3.84,11.49,1.18
Banca Múltiple,2021-12-31,55592033,56085924,83289619.0,68323714.0,21406504.0,4414372,330254399,6589367,14.92,3.77,13.29,1.38
Banca Múltiple,2022-01-31,56174396,56231048,81198517.0,66914167.0,21387791.0,4523328,326302115,6775175,14.69,3.88,14.02,1.46
Banca Múltiple,2022-02-28,57393775,56616009,81044962.0,65872929.0,21636045.0,4562142,326245914,6560478,14.6,3.83,14.85,1.56
Banca Múltiple,2022-03-31,59771929,57112528,82411743.0,64243066.0,21943893.0,4645071,329452909,6562665,15.14,3.81,15.78,1.67
Banca Múltiple,2022-04-30,61208920,57863741,83919795.0,64000868.0,22291201.0,4536994,334225123,6498121,14.99,3.76,16.52,1.76
Banca Múltiple,2022-05-31,62588456,58213938,82620584.0,63232140.0,22715467.0,4444849,333703422,6508970,15.0,3.8,16.89,1.81
Banca Múltiple,2022-06-30,63864021,58865528,85722330.0,62898334.0,23069864.0,4403010,339595449,6769098,14.74,3.83,17.29,1.87
Banca Múltiple,2022-07-31,64329514,59218290,88890105.0,62199420.0,23280059.0,4397766,344848353,7014597,14.63,3.83,17.53,1.91
Banca Múltiple,2022-08-31,65077809,59298048,86493204.0,60473321.0,23235910.0,4358086,340393784,7399554,14.68,3.93,17.77,1.96
Banca Múltiple,2022-09-30,65698983,59854504,85982765.0,60931000.0,23399258.0,4344469,341354843,7452654,14.6,3.97,17.99,2.0
